sensor,mean_val,min_val,max_val,std_dev,anomaly_rate_pct
humidity,62.25455057846333,10.03,114.91,22.41378517240972,10.857312370216553
temperature,30.38942033383915,-4.96,64.74,11.713332651605857,36.23672230652504
pressure,1010.0574415116973,960.2,1059.45,20.683854197060874,39.05218956208758
